{
  "project_info": {
    "project_number": "582135401348",
    "project_id": "blocpattern-95269",
    "storage_bucket": "blocpattern-95269.appspot.com"
  },
  "client": [
    {
      "client_info": {
        "mobilesdk_app_id": "1:582135401348:android:b280d57867ffd47a216bd1",
        "android_client_info": {
          "package_name": "com.gymstreaklabs.RunStreak"
        }
      },
      "oauth_client": [
        {
          "client_id": "582135401348-dbpnr8r4vtu7tbae9qs91sbua0a4qs5c.apps.googleusercontent.com",
          "client_type": 3
        }
      ],
      "api_key": [
        {
          "current_key": "AIzaSyC39GAbBULqPaiKcUtrPQ52tcVqK1ZZZsA"
        }
      ],
      "services": {
        "appinvite_service": {
          "other_platform_oauth_client": [
            {
              "client_id": "582135401348-dbpnr8r4vtu7tbae9qs91sbua0a4qs5c.apps.googleusercontent.com",
              "client_type": 3
            },
            {
              "client_id": "582135401348-aq53tes1rr4as7k4hce03alhcm7uk80r.apps.googleusercontent.com",
              "client_type": 2,
              "ios_info": {
                "bundle_id": "com.gymstreaklabs.RunStreak"
              }
            }
          ]
        }
      }
    },
    {
      "client_info": {
        "mobilesdk_app_id": "1:582135401348:android:a2a15cddfbda4370216bd1",
        "android_client_info": {
          "package_name": "com.pixelapps.bloc_example"
        }
      },
      "oauth_client": [
        {
          "client_id": "582135401348-dbpnr8r4vtu7tbae9qs91sbua0a4qs5c.apps.googleusercontent.com",
          "client_type": 3
        }
      ],
      "api_key": [
        {
          "current_key": "AIzaSyC39GAbBULqPaiKcUtrPQ52tcVqK1ZZZsA"
        }
      ],
      "services": {
        "appinvite_service": {
          "other_platform_oauth_client": [
            {
              "client_id": "582135401348-dbpnr8r4vtu7tbae9qs91sbua0a4qs5c.apps.googleusercontent.com",
              "client_type": 3
            },
            {
              "client_id": "582135401348-aq53tes1rr4as7k4hce03alhcm7uk80r.apps.googleusercontent.com",
              "client_type": 2,
              "ios_info": {
                "bundle_id": "com.gymstreaklabs.RunStreak"
              }
            }
          ]
        }
      }
    }
  ],
  "configuration_version": "1"
}